City_ID,City,Country,Date,Lat,Lng,Max Temp,Humidity,Cloudiness,Wind Speed
0,Bredasdorp,ZA,2021-01-31 19:42:52,-34.5322,20.0403,66.0,93,100,20.0
1,Virginia Beach,US,2021-01-31 19:39:02,36.8529,-75.978,43.0,98,100,1.01
2,Kutum,SD,2021-01-31 19:42:52,14.2,24.6667,61.63,28,0,7.09
3,Bluff,NZ,2021-01-31 19:42:52,-46.6,168.3333,57.36,78,56,5.37
4,San Quintin,MX,2021-01-31 19:37:58,30.4833,-115.95,62.67,51,98,3.78
5,Albany,US,2021-01-31 19:39:46,42.6001,-73.9662,19.99,46,100,3.02
6,Vaini,TO,2021-01-31 19:42:52,-21.2,-175.2,77.0,100,90,14.97
7,Okhotsk,RU,2021-01-31 19:42:52,59.3833,143.3,-14.78,77,0,15.64
8,Segezha,RU,2021-01-31 19:42:53,63.7415,34.3222,9.28,96,94,2.55
9,Busselton,AU,2021-01-31 19:42:53,-33.65,115.3333,63.0,83,0,1.01
10,New Norfolk,AU,2021-01-31 19:42:53,-42.7826,147.0587,55.0,65,12,1.7
11,Bethel,US,2021-01-31 19:42:53,41.3712,-73.414,23.0,49,90,4.07
12,Guerrero Negro,MX,2021-01-31 19:42:53,27.9769,-114.0611,69.19,30,76,5.41
13,Trat,TH,2021-01-31 19:42:53,12.5,102.5,70.56,79,2,1.72
14,Rikitea,PF,2021-01-31 19:42:53,-23.1203,-134.9692,78.93,64,16,9.13
15,Mataura,NZ,2021-01-31 19:42:53,-46.1927,168.8643,60.17,64,81,2.21
16,Vardo,NO,2021-01-31 19:42:53,70.3705,31.1107,26.6,86,75,12.66
17,Grand-Santi,GF,2021-01-31 19:42:53,4.25,-54.3833,79.72,91,15,4.92
18,Hermanus,ZA,2021-01-31 19:42:53,-34.4187,19.2345,66.0,93,100,17.76
19,Atbasar,KZ,2021-01-31 19:42:53,51.8,68.3333,14.54,92,100,5.7
20,Georgetown,MY,2021-01-31 19:42:54,5.4112,100.3354,78.8,78,20,4.61
21,Nanortalik,GL,2021-01-31 19:42:54,60.1432,-45.2371,32.05,91,100,7.63
22,Deder,ET,2021-01-31 19:42:54,9.3167,41.45,53.2,56,0,4.32
23,Baranain,ES,2021-01-31 19:38:06,42.8057,-1.6773,51.01,100,20,1.14
24,Katsuura,JP,2021-01-31 19:42:54,35.1333,140.3,42.01,48,75,6.91
25,Port Alfred,ZA,2021-01-31 19:42:54,-33.5906,26.891,70.0,85,5,4.0
26,Kodiak,US,2021-01-31 19:42:54,57.79,-152.4072,26.6,54,1,9.51
27,Hobart,AU,2021-01-31 19:38:32,-42.8794,147.3294,55.99,88,0,8.05
28,Ushuaia,AR,2021-01-31 19:42:54,-54.8,-68.3,55.4,58,75,2.3
29,College,US,2021-01-31 19:42:54,64.8569,-147.8028,-5.8,77,90,0.11
30,Khatanga,RU,2021-01-31 19:42:54,71.9667,102.5,-42.45,80,36,6.76
31,Buraydah,SA,2021-01-31 19:42:54,26.326,43.975,60.8,51,0,3.44
32,Carnarvon,AU,2021-01-31 19:42:54,-24.8667,113.6333,86.0,48,74,16.11
33,Longyearbyen,SJ,2021-01-31 19:42:35,78.2186,15.6401,-4.0,45,0,18.41
34,Victoria,HK,2021-01-31 19:41:14,22.2855,114.1577,64.99,78,18,9.86
35,Cedar City,US,2021-01-31 19:42:55,37.6775,-113.0619,37.4,48,1,3.44
36,Hambantota,LK,2021-01-31 19:42:55,6.1241,81.1185,75.2,100,75,5.75
37,Vysokogornyy,RU,2021-01-31 19:42:55,50.1167,139.15,-25.01,84,70,2.73
38,Wyndham,US,2021-01-31 19:42:55,37.6985,-77.6125,34.0,86,90,5.75
39,Airai,TL,2021-01-31 19:42:55,-8.9266,125.4092,61.03,100,100,3.74
40,Labuhan,ID,2021-01-31 19:42:55,-6.8844,112.2051,77.77,82,100,14.27
41,Saint-Pierre,RE,2021-01-31 19:42:55,-21.3393,55.4781,82.4,65,0,18.41
42,Butaritari,KI,2021-01-31 19:42:55,3.0707,172.7902,80.62,83,36,13.13
43,Hilo,US,2021-01-31 19:42:55,19.7297,-155.09,72.0,78,90,8.05
44,Dikson,RU,2021-01-31 19:42:55,73.5069,80.5464,-27.29,78,66,8.72
45,Kontagora,NG,2021-01-31 19:42:55,10.3999,5.4695,81.18,16,100,4.99
46,Gilleleje,DK,2021-01-31 19:42:55,56.122,12.3106,34.0,90,0,10.45
47,Thompson,CA,2021-01-31 19:42:56,55.7435,-97.8558,15.8,86,90,4.61
48,Avarua,CK,2021-01-31 19:42:56,-21.2078,-159.775,80.6,83,75,5.75
49,Hasaki,JP,2021-01-31 19:39:24,35.7333,140.8333,35.6,55,75,6.91
50,Funadhoo,MV,2021-01-31 19:42:56,6.15,73.2667,81.84,72,70,6.82
51,Nishihara,JP,2021-01-31 19:42:56,26.1842,127.7558,60.8,72,40,5.75
52,Nikolskoye,RU,2021-01-31 19:42:56,59.7035,30.7861,24.8,86,90,8.95
53,Yellowknife,CA,2021-01-31 19:42:56,62.456,-114.3525,-5.01,84,75,5.75
54,Comodoro Rivadavia,AR,2021-01-31 19:42:56,-45.8667,-67.5,75.2,43,40,23.02
55,Clyde River,CA,2021-01-31 19:42:56,70.4692,-68.5914,-5.8,71,75,10.36
56,Punta Arenas,CL,2021-01-31 19:39:04,-53.15,-70.9167,57.2,54,0,28.77
57,Alice Springs,AU,2021-01-31 19:42:21,-23.7,133.8833,84.0,39,53,11.39
58,Chumikan,RU,2021-01-31 19:42:56,54.7183,135.315,-22.05,76,0,23.85
59,Bakchar,RU,2021-01-31 19:42:56,57.0186,82.0711,-12.26,88,100,4.0
60,Kharp,RU,2021-01-31 19:42:56,66.8014,65.8081,-20.79,85,74,2.64
61,Kang,BW,2021-01-31 19:42:57,-23.6752,22.7876,71.73,77,100,4.61
62,East London,ZA,2021-01-31 19:42:57,-33.0153,27.9116,75.25,85,26,15.97
63,San Patricio,US,2021-01-31 19:42:57,28.017,-97.5169,80.6,19,1,13.8
64,Ostrovnoy,RU,2021-01-31 19:38:17,68.0531,39.5131,13.37,94,86,6.4
65,Sorong,ID,2021-01-31 19:42:57,-0.8833,131.25,80.02,82,100,7.56
66,Stornoway,GB,2021-01-31 19:42:57,58.2093,-6.3865,35.6,75,20,6.91
67,Beruwala,LK,2021-01-31 19:42:57,6.4788,79.9828,74.75,89,41,3.47
68,Beringovskiy,RU,2021-01-31 19:42:57,63.05,179.3167,11.12,96,100,26.82
69,Leticia,CO,2021-01-31 19:42:57,-4.2153,-69.9406,82.4,89,75,8.05
70,Salalah,OM,2021-01-31 19:42:57,17.0151,54.0924,71.6,64,0,3.44
71,Hithadhoo,MV,2021-01-31 19:42:57,-0.6,73.0833,82.6,76,100,13.04
72,Anadyr,RU,2021-01-31 19:42:57,64.75,177.4833,5.0,85,90,22.37
73,Miles City,US,2021-01-31 19:42:57,46.4083,-105.8406,35.6,64,1,6.91
74,Kaitangata,NZ,2021-01-31 19:42:57,-46.2817,169.8464,55.63,83,100,1.79
75,Cape Town,ZA,2021-01-31 19:40:00,-33.9258,18.4232,70.0,88,75,9.22
76,Severo-Kurilsk,RU,2021-01-31 19:42:58,50.6789,156.125,21.81,93,88,42.23
77,Teya,RU,2021-01-31 19:42:58,60.3778,92.6267,-24.09,80,95,1.81
78,Tyukalinsk,RU,2021-01-31 19:42:58,55.8732,72.1967,2.93,94,7,6.58
79,Tasiilaq,GL,2021-01-31 19:42:58,65.6145,-37.6368,14.0,57,75,2.68
80,Novikovo,RU,2021-01-31 19:42:58,51.1537,37.8879,26.2,94,100,11.32
81,Raga,SS,2021-01-31 19:42:58,8.4596,25.678,73.09,21,0,3.89
82,Itarema,BR,2021-01-31 19:42:58,-2.9248,-39.9167,83.17,71,0,16.55
83,Bodden Town,KY,2021-01-31 19:42:58,19.2833,-81.25,84.2,61,40,12.66
84,Barrow,US,2021-01-31 19:40:03,71.2906,-156.7887,-18.4,69,90,8.05
85,Campoverde,PE,2021-01-31 19:42:58,-8.4753,-74.8058,80.6,89,75,8.05
86,Chuy,UY,2021-01-31 19:42:58,-33.6971,-53.4616,69.3,85,100,16.82
87,Kiunga,PG,2021-01-31 19:42:58,-6.1219,141.2906,72.7,98,100,3.0
88,Shar,KZ,2021-01-31 19:42:59,49.5886,81.0453,6.42,89,100,7.25
89,Jamestown,US,2021-01-31 19:42:59,42.097,-79.2353,32.0,74,90,12.66
90,Pevek,RU,2021-01-31 19:42:59,69.7008,170.3133,-26.23,85,100,0.98
91,Lebu,CL,2021-01-31 19:42:59,-37.6167,-73.65,61.47,74,0,16.04
92,Hamilton,US,2021-01-31 19:42:59,39.1834,-84.5333,39.99,93,90,3.44
93,Iqaluit,CA,2021-01-31 19:42:59,63.7506,-68.5145,-5.8,77,75,3.44
94,Slave Lake,CA,2021-01-31 19:40:10,55.2834,-114.769,6.8,78,1,12.66
95,Chokurdakh,RU,2021-01-31 19:42:59,70.6333,147.9167,-27.31,87,88,11.05
96,Aykhal,RU,2021-01-31 19:42:59,66.0,111.5,-39.42,79,100,10.11
97,Chiang Klang,TH,2021-01-31 19:42:59,19.2938,100.8617,68.49,63,100,1.12
98,Karhal,IN,2021-01-31 19:42:59,27.0003,78.9414,51.22,45,0,1.63
99,Mahibadhoo,MV,2021-01-31 19:42:59,3.7833,72.9667,81.43,78,95,11.81
100,Abu Zabad,SD,2021-01-31 19:39:16,12.35,29.25,71.1,21,0,10.22
101,Marawi,PH,2021-01-31 19:43:00,7.9986,124.2928,75.0,93,100,1.01
102,Gebre Guracha,ET,2021-01-31 19:43:00,9.8,38.4,55.26,38,0,8.1
103,Ormara,PK,2021-01-31 19:43:00,25.2088,64.6357,69.85,80,0,10.87
104,Nouadhibou,MR,2021-01-31 19:41:25,20.931,-17.0347,68.0,73,90,16.11
105,Bondo,CD,2021-01-31 19:43:00,3.8146,23.6866,73.65,34,100,1.34
106,Inhambane,MZ,2021-01-31 19:38:16,-23.865,35.3833,84.2,74,20,11.5
107,Arraial Do Cabo,BR,2021-01-31 19:41:57,-22.9661,-42.0278,86.0,58,40,17.27
108,Mahebourg,MU,2021-01-31 19:41:06,-20.4081,57.7,80.6,78,75,11.5
109,Porto Novo,BJ,2021-01-31 19:43:00,6.4965,2.6036,84.2,84,20,13.8
110,Nova Olinda Do Norte,BR,2021-01-31 19:43:00,-3.8881,-59.0942,89.55,57,64,3.62
111,Puerto Ayora,EC,2021-01-31 19:43:00,-0.7393,-90.3518,86.0,66,0,16.11
112,Keti Bandar,PK,2021-01-31 19:43:00,24.1447,67.4497,67.84,79,0,9.26
113,Tavagnacco,IT,2021-01-31 19:43:00,46.1272,13.2132,39.99,75,25,7.0
114,Saint Andrews,US,2021-01-31 19:43:01,34.0454,-81.1293,46.4,93,90,3.44
115,Tessalit,ML,2021-01-31 19:43:01,20.1986,1.0114,67.26,20,77,8.75
116,Gafanha Da Encarnacao,PT,2021-01-31 19:43:01,40.6181,-8.733,57.99,93,53,3.0
117,Bengkulu,ID,2021-01-31 19:43:01,-3.8004,102.2655,75.76,87,100,5.46
118,Iskateley,RU,2021-01-31 19:43:01,67.6803,53.1512,7.88,95,71,8.68
119,Toora-Khem,RU,2021-01-31 19:43:01,52.4675,96.11,-21.95,84,73,1.72
120,Gorontalo,ID,2021-01-31 19:43:01,0.5412,123.0595,75.63,85,100,4.14
121,Shimoda,JP,2021-01-31 19:43:01,34.6667,138.95,37.0,60,83,7.63
122,Tual,ID,2021-01-31 19:43:01,-5.6667,132.75,81.45,78,100,15.21
123,Mangrol,IN,2021-01-31 19:43:01,21.1167,70.1167,65.08,52,0,12.64
124,Kapaa,US,2021-01-31 19:43:01,22.0752,-159.319,73.99,73,40,16.11
125,Sibolga,ID,2021-01-31 19:43:01,1.7427,98.7792,74.23,79,97,5.3
126,Bolobo,CD,2021-01-31 19:43:02,-2.1667,16.2333,74.41,84,40,2.48
127,Salima,MW,2021-01-31 19:43:02,-13.7804,34.4587,72.81,87,100,2.84
128,Tiksi,RU,2021-01-31 19:43:02,71.6872,128.8694,-26.7,86,100,6.8
129,Isangel,VU,2021-01-31 19:43:02,-19.55,169.2667,75.2,94,90,16.26
130,Nalobikha,RU,2021-01-31 19:43:02,53.2006,84.6039,4.71,90,3,9.08
131,Caravelas,BR,2021-01-31 19:43:02,-17.7125,-39.2481,80.82,68,73,8.97
132,Mar Del Plata,AR,2021-01-31 19:40:23,-38.0023,-57.5575,64.4,68,90,17.27
133,Megion,RU,2021-01-31 19:43:02,61.0296,76.1136,-4.0,84,90,6.71
134,Sioux Lookout,CA,2021-01-31 19:43:02,50.1001,-91.917,26.6,86,90,6.91
135,Vila,PT,2021-01-31 19:43:03,42.0304,-8.1588,52.0,95,100,21.0
136,Jiuquan,CN,2021-01-31 19:43:03,39.7432,98.5174,21.29,72,0,1.83
137,Ardakan,IR,2021-01-31 19:43:03,32.31,54.0175,48.2,18,0,4.61
138,Saint Anthony,US,2021-01-31 19:43:03,45.0205,-93.218,34.0,74,90,9.22
139,Gigmoto,PH,2021-01-31 19:43:03,13.7796,124.39,76.23,83,77,13.76
140,Ponta Do Sol,PT,2021-01-31 19:43:03,32.6667,-17.1,59.0,72,0,1.99
141,Santa Rosa,PH,2021-01-31 19:43:03,14.3122,121.1114,75.2,78,40,1.14
142,Healdsburg,US,2021-01-31 19:43:03,38.6105,-122.8692,54.0,76,75,3.65
143,Sao Filipe,CV,2021-01-31 19:43:03,14.8961,-24.4956,73.63,70,0,7.36
144,Vyazemskiy,RU,2021-01-31 19:39:14,47.5378,134.7525,-6.59,86,100,5.14
145,Vila Franca Do Campo,PT,2021-01-31 19:43:03,37.7167,-25.4333,63.0,88,75,14.97
146,Maridi,SS,2021-01-31 19:43:03,4.9158,29.4742,78.39,27,0,4.07
147,Haimen,CN,2021-01-31 19:43:04,23.1935,116.6142,55.4,94,0,3.58
148,Uddevalla,SE,2021-01-31 19:38:27,58.3478,11.9424,14.0,85,0,6.91
149,Northfield,US,2021-01-31 19:43:04,44.4583,-93.1616,33.01,80,90,10.36
150,Coria,ES,2021-01-31 19:43:04,39.9879,-6.5377,55.99,91,8,8.99
151,Qasigiannguit,GL,2021-01-31 19:43:04,68.8193,-51.1922,8.6,47,75,21.85
152,Vestmanna,FO,2021-01-31 19:43:04,62.1564,-7.1664,28.4,69,75,8.05
153,Antalaha,MG,2021-01-31 19:41:16,-14.9003,50.2788,76.37,82,19,5.55
154,Pochutla,MX,2021-01-31 19:43:04,15.7432,-96.4661,89.6,43,1,9.22
155,Husavik,IS,2021-01-31 19:43:04,66.0449,-17.3389,3.2,85,0,4.61
156,Shakawe,BW,2021-01-31 19:43:04,-18.3667,21.85,70.38,89,100,2.89
157,Dalbandin,PK,2021-01-31 19:43:04,28.8947,64.4101,59.14,34,0,7.02
158,Saint-Philippe,RE,2021-01-31 19:43:04,-21.3585,55.7679,82.4,65,0,18.41
159,Klaksvik,FO,2021-01-31 19:43:04,62.2266,-6.589,28.4,69,75,8.05
160,Farroupilha,BR,2021-01-31 19:43:05,-29.225,-51.3478,73.99,88,100,7.0
161,Yumen,CN,2021-01-31 19:43:05,40.2833,97.2,21.25,67,0,5.39
162,Ola,RU,2021-01-31 19:43:05,59.5833,151.2833,-21.28,80,47,15.97
163,Mayumba,GA,2021-01-31 19:43:05,-3.432,10.6554,79.14,84,100,3.02
164,Trairi,BR,2021-01-31 19:43:05,-3.2778,-39.2689,82.62,73,30,13.85
165,Karratha,AU,2021-01-31 19:43:05,-20.7377,116.8463,86.59,53,98,14.56
166,South Sioux City,US,2021-01-31 19:43:05,42.4739,-96.4136,28.4,74,90,19.57
167,Atar,MR,2021-01-31 19:43:05,20.5169,-13.0499,73.74,19,88,9.71
168,Bathsheba,BB,2021-01-31 19:43:05,13.2167,-59.5167,82.4,61,40,25.32
169,Mabaruma,GY,2021-01-31 19:43:05,8.2,-59.7833,81.86,66,95,9.46
170,Tahta,EG,2021-01-31 19:43:05,26.7693,31.5021,59.0,51,0,9.22
171,Gat,IL,2021-01-31 19:41:04,31.61,34.7642,57.0,100,0,6.6
172,Torbay,CA,2021-01-31 19:43:06,47.6666,-52.7314,33.01,100,90,16.11
173,Port Elizabeth,ZA,2021-01-31 19:43:06,-33.918,25.5701,69.8,83,20,13.8
174,Ust-Kut,RU,2021-01-31 19:43:06,56.7938,105.7672,-36.9,78,73,1.9
175,Tambura,SS,2021-01-31 19:43:06,5.6,27.4667,76.05,29,0,3.49
176,Cape Coast,GH,2021-01-31 19:43:06,5.1053,-1.2466,80.46,83,100,15.79
177,Lompoc,US,2021-01-31 19:43:06,34.6391,-120.4579,57.99,66,1,4.61
178,Dabakala,CI,2021-01-31 19:43:06,8.3667,-4.4333,83.95,19,50,2.13
179,Norman Wells,CA,2021-01-31 19:43:06,65.282,-126.8329,-18.4,69,75,2.3
180,Barra Do Bugres,BR,2021-01-31 19:43:06,-15.0725,-57.1811,80.56,78,94,1.5
181,Ewa Beach,US,2021-01-31 19:38:26,21.3156,-158.0072,75.2,78,75,5.75
182,Kattivakkam,IN,2021-01-31 19:43:06,13.2167,80.3167,77.0,78,20,3.44
183,Salinas,US,2021-01-31 19:38:52,36.6777,-121.6555,59.0,71,1,11.5
184,Kizukuri,JP,2021-01-31 19:43:07,40.8061,140.3861,27.0,58,21,3.0
185,Milkovo,RU,2021-01-31 19:43:07,54.7167,158.6167,7.63,94,100,5.86
186,Oranjemund,NA,2021-01-31 19:43:07,-28.55,16.4333,64.83,86,2,7.65
187,San Roque,ES,2021-01-31 19:43:07,36.2107,-5.3842,62.6,67,40,25.32
188,Lida,BY,2021-01-31 19:43:07,53.8833,25.2997,25.25,97,97,11.95
189,Lorengau,PG,2021-01-31 19:43:07,-2.0226,147.2712,82.45,82,96,8.63
190,Saskylakh,RU,2021-01-31 19:43:07,71.9167,114.0833,-30.8,84,63,7.94
191,Pacific Grove,US,2021-01-31 19:43:07,36.6177,-121.9166,57.99,71,1,4.61
192,Esperance,AU,2021-01-31 19:43:07,-33.8667,121.9,57.2,94,26,5.75
193,Geraldton,AU,2021-01-31 19:43:07,-28.7667,114.6,68.0,77,0,5.75
194,Papara,BR,2021-01-31 19:43:07,-3.9839,-38.7273,86.0,70,20,17.27
195,Qaanaaq,GL,2021-01-31 19:43:07,77.484,-69.3632,-3.44,88,100,0.6
196,Manta,EC,2021-01-31 19:39:48,-0.95,-80.7333,80.6,78,75,9.22
197,Thap Than,TH,2021-01-31 19:43:08,15.4606,99.8917,73.99,84,0,1.25
198,Basoko,CD,2021-01-31 19:43:08,1.2391,23.616,77.7,57,95,2.17
199,Cherskiy,RU,2021-01-31 19:43:08,68.75,161.3,-20.97,80,92,5.12
200,Paamiut,GL,2021-01-31 19:43:08,61.994,-49.6678,23.65,91,0,13.87
201,Mareeba,AU,2021-01-31 19:43:08,-17.0,145.4333,75.2,88,49,10.36
202,Amapa,BR,2021-01-31 19:43:08,1.0,-52.0,78.28,93,61,4.03
203,Mahanje,TZ,2021-01-31 19:43:08,-9.9333,35.3333,66.67,96,100,2.93
204,Tuktoyaktuk,CA,2021-01-31 19:43:08,69.4541,-133.0374,-27.4,75,75,2.3
205,Uige,AO,2021-01-31 19:43:08,-7.6087,15.0613,68.07,94,80,0.96
206,Molchanovo,RU,2021-01-31 19:43:08,57.5817,83.7692,-15.52,88,100,5.35
207,Camacupa,AO,2021-01-31 19:43:09,-12.0167,17.4833,64.31,94,100,4.97
208,Willowmore,ZA,2021-01-31 19:43:09,-33.2926,23.4895,65.25,70,6,16.49
209,Oktyabrskiy,RU,2021-01-31 19:43:09,54.4815,53.471,26.2,92,100,20.76
210,Jalu,LY,2021-01-31 19:43:09,29.0331,21.5482,64.54,27,0,11.12
211,Moyo,UG,2021-01-31 19:43:09,3.6609,31.7247,78.37,26,91,2.21
212,Laguna,US,2021-01-31 19:43:09,38.421,-121.4238,63.0,47,1,9.22
213,Constitucion,CL,2021-01-31 19:43:09,-35.3333,-72.4167,64.49,70,16,9.64
214,Manavalakurichi,IN,2021-01-31 19:43:09,8.1333,77.3,84.2,70,40,6.98
215,Trelew,AR,2021-01-31 19:42:04,-43.249,-65.3051,85.82,17,60,17.18
216,Paita,PE,2021-01-31 19:43:09,-5.0892,-81.1144,86.0,62,0,13.8
217,Ongandjera,NA,2021-01-31 19:39:04,-17.8833,15.0667,77.05,45,100,11.41
218,Cabo San Lucas,MX,2021-01-31 19:43:09,22.8909,-109.9124,78.01,73,90,9.22
219,Nakusp,CA,2021-01-31 19:43:09,50.2499,-117.8023,34.0,93,100,1.14
220,Wladyslawowo,PL,2021-01-31 19:43:10,54.7909,18.4009,30.99,74,40,18.41
221,Tuy Hoa,VN,2021-01-31 19:43:10,13.0833,109.3,68.83,87,100,5.53
222,Ladario,BR,2021-01-31 19:43:10,-19.0047,-57.6017,87.8,66,40,8.05
223,Rajapolah,ID,2021-01-31 19:43:10,-7.221,108.1896,70.56,86,100,3.22
224,Bilibino,RU,2021-01-31 19:43:10,68.0546,166.4372,-15.0,82,100,7.11
225,Pembroke,CA,2021-01-31 19:39:00,45.8168,-77.1162,12.99,48,1,3.44
226,Port Hardy,CA,2021-01-31 19:43:10,50.6996,-127.4199,44.6,93,75,6.91
227,Oneonta,US,2021-01-31 19:40:27,42.4529,-75.0638,30.0,47,100,2.89
228,Tautira,PF,2021-01-31 19:43:10,-17.7333,-149.15,84.2,65,40,8.05
229,Samarkand,UZ,2021-01-31 19:40:26,39.6542,66.9597,46.4,87,75,6.91
230,Abha,SA,2021-01-31 19:43:10,18.2164,42.5053,60.8,47,0,6.91
231,Penzance,GB,2021-01-31 19:43:10,50.1186,-5.5371,48.2,100,75,5.75
232,Araguari,BR,2021-01-31 19:43:10,-18.6472,-48.1872,79.29,64,100,3.47
233,Seoul,KR,2021-01-31 19:41:05,37.5683,126.9778,42.8,87,75,3.44
234,Lianzhou,CN,2021-01-31 19:41:21,24.7811,112.3825,58.41,59,19,2.64
235,Seymchan,RU,2021-01-31 19:43:11,62.8833,152.4333,-30.06,79,100,7.0
236,San Ramon,US,2021-01-31 19:43:11,37.7799,-121.978,63.0,44,1,3.78
237,Copiapo,CL,2021-01-31 19:40:35,-27.3667,-70.3333,71.6,64,20,16.11
238,Bara,NG,2021-01-31 19:43:11,10.3744,10.7288,77.29,19,9,6.46
239,Belogorsk,RU,2021-01-31 19:43:11,50.9158,128.4611,-31.11,84,44,8.1
240,Bonfim,BR,2021-01-31 19:43:11,3.0833,-59.95,89.58,50,81,12.66
241,Provideniya,RU,2021-01-31 19:43:11,64.3833,-173.3,-5.01,88,100,24.27
242,Vestmannaeyjar,IS,2021-01-31 19:43:12,63.4427,-20.2734,32.0,74,40,21.85
243,Atuona,PF,2021-01-31 19:43:12,-9.8,-139.0333,78.33,76,99,18.48
244,Fortuna,US,2021-01-31 19:43:12,40.5982,-124.1573,53.01,100,75,21.85
245,Biltine,TD,2021-01-31 19:43:12,14.5333,20.9167,74.57,19,0,6.58
246,Shieli,KZ,2021-01-31 19:43:12,44.1667,66.75,35.38,84,100,2.66
247,Boende,CD,2021-01-31 19:43:12,-0.2167,20.8667,76.57,74,19,2.06
248,Campo Gobierno,MX,2021-01-31 19:43:12,24.6536,-107.5411,78.8,41,75,6.91
249,Zhigansk,RU,2021-01-31 19:43:12,66.7697,123.3711,-45.58,76,41,1.23
250,Saint George,US,2021-01-31 19:40:55,37.1041,-113.5841,51.01,61,1,3.51
251,Mahina,PF,2021-01-31 19:43:12,-17.5065,-149.489,84.2,65,40,8.05
252,Napier,NZ,2021-01-31 19:43:12,-39.4833,176.9167,55.99,83,51,5.99
253,Honningsvag,NO,2021-01-31 19:43:12,70.9821,25.9704,26.6,93,90,23.02
254,Prince George,CA,2021-01-31 19:38:53,53.9166,-122.753,30.99,86,40,8.05
255,Narsaq,GL,2021-01-31 19:43:13,60.9167,-46.05,39.2,30,75,23.02
256,Sabang,ID,2021-01-31 19:43:13,5.8933,95.3214,81.61,76,84,22.26
257,Marstal,DK,2021-01-31 19:43:13,54.8562,10.5173,32.0,100,75,6.91
258,Petropavlovsk-Kamchatskiy,RU,2021-01-31 19:42:02,53.0452,158.6483,15.8,67,54,2.24
259,Asau,RO,2021-01-31 19:43:13,46.4333,26.4,30.0,68,100,3.4
260,Meulaboh,ID,2021-01-31 19:43:13,4.1363,96.1285,75.92,86,76,3.38
261,Richards Bay,ZA,2021-01-31 19:43:13,-28.783,32.0377,77.9,89,93,10.71
262,Zhezkazgan,KZ,2021-01-31 19:38:59,47.8043,67.7144,16.93,93,29,3.76
263,Henties Bay,NA,2021-01-31 19:43:13,-22.116,14.2845,66.0,83,67,7.14
264,Newport,GB,2021-01-31 19:40:49,51.5877,-2.9984,37.0,97,100,1.01
265,Qaqortoq,GL,2021-01-31 19:43:13,60.7167,-46.0333,39.2,30,75,23.02
266,Lata,PT,2021-01-31 19:43:14,40.1629,-8.3327,57.99,93,78,3.0
267,Praia,CV,2021-01-31 19:43:14,14.9215,-23.5087,75.2,60,0,18.41
268,Launceston,AU,2021-01-31 19:43:14,-41.45,147.1667,57.0,94,75,3.44
269,Sokur,RU,2021-01-31 19:43:14,55.2093,83.319,-14.8,76,0,2.24
270,Haines Junction,CA,2021-01-31 19:43:14,60.7522,-137.5108,-9.4,77,91,1.99
271,Dalmatovo,RU,2021-01-31 19:43:14,56.26,62.9362,11.7,95,0,6.08
272,Nanae,JP,2021-01-31 19:43:14,41.8833,140.6833,23.58,93,63,5.35
273,Dubai,AE,2021-01-31 19:43:14,25.2582,55.3047,68.0,68,0,6.91
274,Horta,PT,2021-01-31 19:43:14,38.5333,-28.6333,64.4,82,75,16.11
275,Tuatapere,NZ,2021-01-31 19:41:33,-46.1333,167.6833,58.19,72,11,3.49
276,Cumra,TR,2021-01-31 19:43:14,37.5732,32.7745,41.0,81,0,6.91
277,Palmas,BR,2021-01-31 19:43:14,-10.2128,-48.3603,82.4,74,40,6.91
278,Mogok,MM,2021-01-31 19:43:14,22.9167,96.5,53.37,68,9,1.7
279,Rocha,UY,2021-01-31 19:39:26,-34.4833,-54.3333,67.68,74,99,12.82
280,Avera,US,2021-01-31 19:43:15,33.194,-82.5271,59.0,97,90,5.75
281,Khandbari,NP,2021-01-31 19:43:15,27.3747,87.2039,46.6,58,0,2.26
282,Faanui,PF,2021-01-31 19:43:15,-16.4833,-151.75,81.21,75,98,10.42
283,Harper,LR,2021-01-31 19:43:15,4.375,-7.7169,78.78,87,32,7.92
284,Hohhot,CN,2021-01-31 19:43:15,40.8106,111.6522,15.8,62,0,8.95
285,Whitehorse,CA,2021-01-31 19:39:37,60.7161,-135.0538,-11.2,77,90,3.44
286,Kavieng,PG,2021-01-31 19:43:15,-2.5744,150.7967,83.03,80,100,10.02
287,Khandyga,RU,2021-01-31 19:43:15,62.6667,135.6,-52.24,76,71,1.77
288,Rincon,US,2021-01-31 19:43:15,32.296,-81.2354,62.6,82,90,8.05
289,Leningradskiy,RU,2021-01-31 19:43:15,69.3833,178.4167,-21.23,85,96,9.31
290,Houma,US,2021-01-31 19:41:24,29.5958,-90.7195,73.4,53,1,16.11
291,Muros,ES,2021-01-31 19:43:16,42.7762,-9.0603,59.0,79,100,8.99
292,Andenes,NO,2021-01-31 19:43:16,69.3143,16.1194,30.2,93,75,21.85
293,Sakakah,SA,2021-01-31 19:43:16,29.9697,40.2064,53.6,32,0,4.56
294,Straumen,NO,2021-01-31 19:43:16,63.8709,11.2999,30.99,86,75,8.05
295,Verkhnyaya Inta,RU,2021-01-31 19:43:16,65.9811,60.3094,11.79,90,87,7.92
296,Wenling,CN,2021-01-31 19:43:16,28.3669,121.36,60.01,87,94,3.24
297,Gurun,MY,2021-01-31 19:43:16,5.8172,100.4738,77.0,78,20,4.61
298,Cockburn Town,TC,2021-01-31 19:43:16,21.4612,-71.1419,78.8,53,40,12.66
299,Andijon,UZ,2021-01-31 19:43:16,40.7821,72.3442,33.8,75,100,2.24
300,Yulara,AU,2021-01-31 19:43:16,-25.2406,130.9889,86.0,19,98,11.5
301,Saint-Francois,FR,2021-01-31 19:43:16,46.4154,3.9054,48.99,87,75,6.91
302,Awbari,LY,2021-01-31 19:43:16,26.5921,12.7805,58.8,29,0,5.12
303,Matagami,CA,2021-01-31 19:43:17,49.7502,-77.6328,1.4,85,1,4.61
304,Chubbuck,US,2021-01-31 19:43:17,42.9208,-112.4661,39.2,52,1,5.75
305,Antofagasta,CL,2021-01-31 19:39:39,-23.65,-70.4,75.0,60,20,14.97
306,Cascais,PT,2021-01-31 19:41:31,38.6979,-9.4215,60.01,97,100,15.9
307,Nueva Italia,PY,2021-01-31 19:43:17,-25.6167,-57.5,86.0,66,20,8.05
308,Moron,AR,2021-01-31 19:43:17,-34.6534,-58.6198,70.0,83,90,13.8
309,Anloga,GH,2021-01-31 19:43:17,5.7947,0.8973,84.2,84,20,12.66
310,Guilin,CN,2021-01-31 19:43:17,25.2819,110.2864,55.4,94,90,1.77
311,Sept-Iles,CA,2021-01-31 19:39:22,50.2001,-66.3821,28.99,50,93,3.44
312,Tarauaca,BR,2021-01-31 19:43:17,-8.1614,-70.7656,71.2,97,100,2.15
313,Kamenka,RU,2021-01-31 19:43:17,51.3223,42.7678,21.99,97,14,8.99
314,Pangnirtung,CA,2021-01-31 19:43:17,66.1451,-65.7125,-5.8,84,75,3.06
315,Port-Gentil,GA,2021-01-31 19:43:17,-0.7193,8.7815,82.4,83,75,8.05
316,Chara,RU,2021-01-31 19:43:18,56.9064,118.2631,-34.69,73,100,2.64
317,Ketchikan,US,2021-01-31 19:43:18,55.3422,-131.6461,33.8,86,75,3.44
318,Lethem,GY,2021-01-31 19:43:18,3.3803,-59.7968,89.67,51,71,12.97
319,Buin,CL,2021-01-31 19:43:18,-33.7333,-70.75,75.2,43,40,4.61
320,Abu Samrah,SY,2021-01-31 19:43:18,35.3029,37.1841,48.31,81,2,7.2
321,Simpang,ID,2021-01-31 19:43:18,-1.2667,104.0833,74.43,96,84,2.37
322,Male,MV,2021-01-31 19:43:18,4.1748,73.5089,82.4,83,75,11.5
323,Luganville,VU,2021-01-31 19:43:18,-15.5333,167.1667,78.78,79,100,1.16
324,Byron Bay,AU,2021-01-31 19:41:23,-28.65,153.6167,71.6,83,75,6.91
325,Necochea,AR,2021-01-31 19:43:18,-38.5473,-58.7368,64.99,52,47,3.0
326,Ukiah,US,2021-01-31 19:43:18,39.1502,-123.2078,53.6,66,90,6.91
327,Mercedes,AR,2021-01-31 19:43:18,-34.6515,-59.4307,71.01,78,99,10.0
328,Curvelo,BR,2021-01-31 19:38:37,-18.7564,-44.4308,85.59,47,76,3.2
329,North Bend,US,2021-01-31 19:43:02,43.4065,-124.2243,51.8,87,90,6.91
330,Nong Khae,TH,2021-01-31 19:43:19,14.3406,100.8673,79.0,83,0,3.2
331,Izhevskoye,RU,2021-01-31 19:43:19,54.5567,40.8703,22.19,96,100,14.81
332,Lala,PH,2021-01-31 19:43:19,7.9745,123.7458,76.35,84,98,6.38
333,Turukhansk,RU,2021-01-31 19:43:19,65.8167,87.9833,-13.11,83,100,11.7
334,Bambous Virieux,MU,2021-01-31 19:43:19,-20.3428,57.7575,81.0,78,75,11.5
335,Ilulissat,GL,2021-01-31 19:43:19,69.2167,-51.1,8.6,47,75,21.85
336,Verdun,FR,2021-01-31 19:43:19,49.25,5.3333,39.0,96,100,4.0
337,Toyos,HN,2021-01-31 19:43:19,15.55,-87.65,86.0,54,40,4.61
338,Inirida,CO,2021-01-31 19:43:19,3.8653,-67.9239,89.26,57,99,2.66
339,Kandrian,PG,2021-01-31 19:43:19,-6.2167,149.55,80.11,78,98,14.0
340,Caconda,AO,2021-01-31 19:43:19,-13.7333,15.0667,61.79,83,100,7.29
341,Berlevag,NO,2021-01-31 19:43:20,70.8578,29.0864,28.4,80,75,19.57
342,Codrington,AU,2021-01-31 19:43:20,-38.2667,141.9667,52.86,85,100,6.02
343,Hurghada,EG,2021-01-31 19:43:20,27.2574,33.8129,64.4,52,0,8.05
344,Mecca,SA,2021-01-31 19:39:12,21.4267,39.8261,73.42,47,0,1.63
345,Sturgeon Falls,CA,2021-01-31 19:43:20,46.3646,-79.9326,16.0,57,40,11.5
346,Yeppoon,AU,2021-01-31 19:43:20,-23.1333,150.7333,75.2,78,75,6.91
347,Port Lincoln,AU,2021-01-31 19:43:20,-34.7333,135.8667,61.36,80,100,12.73
348,Nevyansk,RU,2021-01-31 19:43:20,57.4953,60.2112,16.47,96,97,5.93
349,Camocim,BR,2021-01-31 19:43:20,-2.9022,-40.8411,82.8,76,52,15.79
350,Namibe,AO,2021-01-31 19:43:20,-15.1961,12.1522,74.17,74,100,8.59
351,Margate,GB,2021-01-31 19:43:20,51.3813,1.3862,39.99,97,100,3.0
352,Ayan,RU,2021-01-31 19:43:20,56.45,138.1667,-18.89,75,100,12.28
353,Kalabo,ZM,2021-01-31 19:43:21,-14.97,22.6814,68.72,86,100,4.9
354,Rosetta,EG,2021-01-31 19:43:21,31.4044,30.4164,57.2,77,0,4.61
355,Upernavik,GL,2021-01-31 19:43:21,72.7868,-56.1549,1.87,92,100,9.15
356,Monrovia,LR,2021-01-31 19:43:21,6.3005,-10.7969,80.6,89,75,10.56
357,Saint-Georges,GD,2021-01-31 19:43:21,12.0564,-61.7485,84.2,70,40,24.16
358,Kanniyakumari,IN,2021-01-31 19:43:21,8.0833,77.5667,78.67,78,90,18.32
359,Castro,BR,2021-01-31 19:43:21,-24.7911,-50.0119,72.79,79,100,8.46
360,De-Kastri,RU,2021-01-31 19:43:21,51.4667,140.7833,-16.83,83,0,4.94
361,Juneau,US,2021-01-31 19:43:21,58.3019,-134.4197,21.99,86,40,6.35
362,Smithers,CA,2021-01-31 19:41:41,54.7804,-127.1743,23.0,86,75,6.91
363,Bubaque,GW,2021-01-31 19:43:21,11.2833,-15.8333,78.91,70,95,11.92
364,Tarija,BO,2021-01-31 19:43:21,-21.5355,-64.7296,75.74,59,73,9.89
365,Puerto Asis,CO,2021-01-31 19:43:22,0.5133,-76.5007,86.0,62,0,4.61
366,Fuyang,CN,2021-01-31 19:43:22,32.9,115.8167,44.46,81,76,6.33
367,Svetlogorsk,BY,2021-01-31 19:43:22,52.6333,29.7333,19.0,97,60,8.39
368,Saint-Augustin,CA,2021-01-31 19:43:22,51.226,-58.6502,23.56,92,100,11.68
369,Rabo De Peixe,PT,2021-01-31 19:43:22,37.8,-25.5833,63.0,88,75,14.97
370,Thinadhoo,MV,2021-01-31 19:43:22,0.5333,72.9333,81.99,78,100,11.79
371,Port Blair,IN,2021-01-31 19:40:25,11.6667,92.75,79.14,81,56,11.52
372,Carroll,US,2021-01-31 19:43:22,39.5501,-77.0164,28.99,100,100,3.0
373,Puerto Colombia,CO,2021-01-31 19:38:57,10.9878,-74.9547,87.8,55,0,16.11
374,Sitka,US,2021-01-31 19:40:04,57.0531,-135.33,37.4,65,40,4.0
375,Mezen,RU,2021-01-31 19:43:22,65.8522,44.24,8.83,96,100,5.59
376,Andros Town,BS,2021-01-31 19:43:23,24.7,-77.7667,75.2,60,75,13.8
377,Amuntai,ID,2021-01-31 19:43:23,-2.4177,115.2494,74.43,97,100,1.41
378,Marzuq,YE,2021-01-31 19:43:23,14.4,46.4667,61.27,40,0,1.57
379,Ca Mau,VN,2021-01-31 19:43:23,9.1769,105.15,74.68,84,19,6.6
380,Tokur,RU,2021-01-31 19:43:23,53.1333,132.9,-40.38,83,59,2.75
381,Lichuan,CN,2021-01-31 19:43:23,30.3,108.85,38.79,94,100,1.99
382,Mahon,ES,2021-01-31 19:43:23,39.8885,4.2658,55.4,76,0,8.05
383,Ribeira Grande,PT,2021-01-31 19:43:23,38.5167,-28.7,64.4,82,75,16.11
384,Kulhudhuffushi,MV,2021-01-31 19:39:23,6.6221,73.07,81.95,71,90,7.11
385,Genhe,CN,2021-01-31 19:43:23,50.7833,121.5167,-28.61,81,0,3.44
386,Simbahan,PH,2021-01-31 19:43:23,6.3032,120.5836,81.5,80,75,21.59
387,Nefteyugansk,RU,2021-01-31 19:43:24,61.0998,72.6035,8.6,92,40,2.24
388,Tula,RU,2021-01-31 19:43:24,54.2044,37.6111,22.33,96,100,14.34
389,Caxito,AO,2021-01-31 19:43:24,-8.5785,13.6643,76.84,81,17,3.42
390,Bumba,CD,2021-01-31 19:43:24,2.1833,22.4667,77.25,51,100,2.62
391,Berdigestyakh,RU,2021-01-31 19:40:39,62.0989,126.6992,-41.6,79,100,6.35
392,Coquimbo,CL,2021-01-31 19:39:39,-29.9533,-71.3436,69.8,78,20,16.11
393,Tabuleiro Do Norte,BR,2021-01-31 19:43:24,-5.2467,-38.1306,92.12,40,97,8.23
394,Ballina,AU,2021-01-31 19:43:24,-28.8667,153.5667,71.6,83,75,6.91
395,Warud,IN,2021-01-31 19:43:24,21.4667,78.2667,61.36,26,0,4.72
396,Northam,GB,2021-01-31 19:43:24,51.0333,-4.2167,39.99,93,100,3.0
397,Pringsewu,ID,2021-01-31 19:43:24,-5.3582,104.9744,73.33,93,99,1.52
398,Aksarka,RU,2021-01-31 19:43:24,66.5606,67.7975,-17.1,88,90,8.52
399,Riyadh,SA,2021-01-31 19:43:06,24.6877,46.7219,62.6,29,0,3.44
400,Te Anau,NZ,2021-01-31 19:43:25,-45.4167,167.7167,55.04,79,100,0.83
401,Minab,IR,2021-01-31 19:43:25,27.1467,57.0801,66.2,63,0,2.3
402,Bontang,ID,2021-01-31 19:43:25,0.1333,117.5,75.85,89,85,4.85
403,Lodja,CD,2021-01-31 19:42:30,-3.4833,23.4333,71.64,87,99,1.54
404,Kavaratti,IN,2021-01-31 19:43:25,10.5669,72.642,81.41,71,0,8.48
405,Ucluelet,CA,2021-01-31 19:39:32,48.9329,-125.5528,48.2,93,75,12.66
406,Nanakuli,US,2021-01-31 19:43:25,21.3906,-158.1547,75.2,78,75,5.75
407,Novyy Urengoy,RU,2021-01-31 19:43:25,66.0833,76.6333,-6.03,91,100,10.47
408,Tiznit,MA,2021-01-31 19:43:25,29.5833,-9.5,65.41,61,0,1.88
409,San Andres,CO,2021-01-31 19:40:04,12.5847,-81.7006,84.2,65,20,14.97
410,Lumeje,AO,2021-01-31 19:43:25,-11.55,20.7833,67.26,81,98,5.55
411,Inongo,CD,2021-01-31 19:43:25,-1.95,18.2667,76.46,78,0,2.64
412,Kopavogur,IS,2021-01-31 19:43:26,64.1123,-21.913,30.2,64,0,11.5
413,Luderitz,NA,2021-01-31 19:43:26,-26.6481,15.1594,67.1,69,1,23.64
414,Calama,CL,2021-01-31 19:43:26,-22.4667,-68.9333,78.8,9,0,24.16
415,Padang,ID,2021-01-31 19:43:26,-0.9492,100.3543,77.25,77,98,4.68
416,Mount Gambier,AU,2021-01-31 19:43:26,-37.8333,140.7667,53.6,94,98,4.61
417,Tavda,RU,2021-01-31 19:43:26,58.0425,65.2726,9.39,96,91,4.97
418,Zavet,BG,2021-01-31 19:43:26,43.7667,26.6667,37.0,84,99,6.71
419,Iguape,BR,2021-01-31 19:42:37,-24.7081,-47.5553,81.41,77,92,7.63
420,Salina Cruz,MX,2021-01-31 19:43:26,16.1667,-95.2,91.29,36,87,17.85
421,Goias,BR,2021-01-31 19:43:26,-15.5807,-49.6362,82.4,66,100,1.83
422,Yeniseysk,RU,2021-01-31 19:43:26,58.4497,92.1703,-27.08,83,98,6.04
423,Yenagoa,NG,2021-01-31 19:43:26,4.9247,6.2642,80.24,78,0,6.31
424,Bosaso,SO,2021-01-31 19:43:27,11.2842,49.1816,71.92,68,0,2.48
425,Hailey,US,2021-01-31 19:43:27,43.5196,-114.3153,28.99,64,1,6.91
426,Loukhi,RU,2021-01-31 19:43:27,66.0764,33.0381,13.23,97,100,3.67
427,Brora,GB,2021-01-31 19:43:27,58.0099,-3.8518,32.0,80,75,4.61
428,Ancud,CL,2021-01-31 19:43:27,-41.8697,-73.8203,71.6,46,0,6.91
429,Lakefield,US,2021-01-31 19:43:27,43.6775,-95.1717,26.6,86,90,20.71
430,Ouegoa,NC,2021-01-31 19:43:27,-20.35,164.4333,77.4,77,100,14.34
431,Ulladulla,AU,2021-01-31 19:43:27,-35.35,150.4667,66.2,100,90,1.32
432,Rawson,AR,2021-01-31 19:39:22,-43.3002,-65.1023,81.14,25,46,21.7
433,Otterup,DK,2021-01-31 19:43:27,55.5153,10.3976,30.99,91,9,7.74
434,Komsomolskiy,UZ,2021-01-31 19:43:27,40.4272,71.7189,39.2,60,100,2.3
435,Talnakh,RU,2021-01-31 19:43:27,69.4865,88.3972,-25.2,73,88,9.26
436,Boali,CF,2021-01-31 19:43:27,4.8005,18.1275,86.0,62,25,3.44
437,Kurilsk,RU,2021-01-31 19:43:28,45.2333,147.8833,17.38,92,99,22.24
438,Coihaique,CL,2021-01-31 19:43:28,-45.5752,-72.0662,77.0,29,20,5.75
439,Zvishavane,ZW,2021-01-31 19:43:28,-20.3267,30.0665,71.8,89,97,4.27
440,Mocuba,MZ,2021-01-31 19:43:28,-16.8392,36.9856,75.22,97,0,2.91
441,Quimper,FR,2021-01-31 19:43:28,48.0,-4.1,51.8,100,90,14.97
442,Sirjan,IR,2021-01-31 19:43:28,29.452,55.6814,45.97,51,0,6.78
443,Mumford,GH,2021-01-31 19:43:28,5.2618,-0.759,81.05,83,100,12.82
444,Chabahar,IR,2021-01-31 19:43:28,25.2919,60.643,70.21,77,0,8.97
445,Kalmunai,LK,2021-01-31 19:43:28,7.4167,81.8167,76.35,88,3,5.28
446,Antsla,EE,2021-01-31 19:43:28,57.8256,26.5406,24.01,86,40,9.22
447,Jiexiu,CN,2021-01-31 19:43:28,37.0244,111.9125,35.17,66,0,6.67
448,Iroquois Falls,CA,2021-01-31 19:43:28,48.7669,-80.6831,6.8,66,20,5.21
449,Talaya,RU,2021-01-31 19:43:28,61.3833,152.75,-31.22,81,100,8.59
450,Korla,CN,2021-01-31 19:43:29,41.7597,86.1469,21.07,82,70,1.39
451,Kysyl-Syr,RU,2021-01-31 19:43:29,63.8986,122.7617,-45.4,77,100,6.13
452,Ali-Berdukovskiy,RU,2021-01-31 19:43:29,43.9895,41.7421,33.8,86,100,6.82
453,Hyeres,FR,2021-01-31 19:43:29,43.1167,6.1167,57.2,62,0,9.22
454,Aasiaat,GL,2021-01-31 19:43:29,68.7098,-52.8699,-3.53,92,74,7.92
455,Troitskoye,RU,2021-01-31 19:43:29,52.9821,84.6757,7.05,89,5,8.95
456,Maldonado,UY,2021-01-31 19:43:29,-34.6667,-54.9167,73.99,64,75,18.41
457,Kaeo,NZ,2021-01-31 19:43:29,-35.1,173.7833,60.01,89,0,1.99
458,Batouri,CM,2021-01-31 19:43:29,4.4333,14.3667,76.03,50,0,3.78
459,Trincomalee,LK,2021-01-31 19:43:29,8.5711,81.2335,78.78,85,9,14.5
460,Varhaug,NO,2021-01-31 19:43:29,58.6147,5.6457,32.0,100,90,6.91
461,Aklavik,CA,2021-01-31 19:43:30,68.2191,-135.0107,-13.0,77,90,12.66
462,Sistranda,NO,2021-01-31 19:43:30,63.7256,8.834,32.0,86,40,18.41
463,Matara,LK,2021-01-31 19:41:15,5.9485,80.5353,74.89,88,15,6.64
464,Tazovskiy,RU,2021-01-31 19:43:30,67.4667,78.7,-11.18,90,100,14.74
465,Kinkala,CG,2021-01-31 19:43:30,-4.3614,14.7644,75.2,83,20,9.22
466,Altamira,BR,2021-01-31 19:43:30,-3.2033,-52.2064,86.0,70,75,4.61
467,Meppel,NL,2021-01-31 19:43:30,52.6958,6.1944,28.99,81,100,1.01
468,Brae,GB,2021-01-31 19:43:30,60.3964,-1.353,33.8,75,0,10.36
469,Norrtalje,SE,2021-01-31 19:43:30,59.758,18.705,21.99,85,0,4.61
470,Lakatoro,VU,2021-01-31 19:43:31,-16.0999,167.4164,79.39,74,100,4.43
471,Diffa,NE,2021-01-31 19:43:18,13.3154,12.6113,71.89,21,0,5.21
472,Itaituba,BR,2021-01-31 19:43:31,-4.2761,-55.9836,87.46,63,100,3.27
473,Maiduguri,NG,2021-01-31 19:43:31,11.8464,13.1603,73.11,21,0,8.86
474,Tancheng,CN,2021-01-31 19:43:31,27.4375,115.4976,53.49,81,94,1.81
475,Koutsouras,GR,2021-01-31 19:43:31,35.0339,25.9469,61.0,82,54,11.36
476,Ergani,TR,2021-01-31 19:43:31,38.2653,39.7621,39.2,100,90,2.3
477,Souillac,MU,2021-01-31 19:43:31,-20.5167,57.5167,80.6,78,75,11.5
478,Tshikapa,CD,2021-01-31 19:43:31,-6.4167,20.8,72.66,92,100,2.71
479,Fairbanks,US,2021-01-31 19:43:18,64.8378,-147.7164,-5.8,77,90,0.31
480,Baraki Barak,AF,2021-01-31 19:43:31,33.9675,68.9486,33.71,82,0,2.35
481,Baykit,RU,2021-01-31 19:43:31,61.67,96.37,-32.55,77,32,0.98
482,Nara,JP,2021-01-31 19:40:08,34.6851,135.8049,36.0,68,0,3.04
483,Kota Kinabalu,MY,2021-01-31 19:43:31,5.9749,116.0724,75.2,94,20,4.61
484,Mizan Teferi,ET,2021-01-31 19:43:31,6.9833,35.5833,68.11,57,0,2.42
485,Palu,ID,2021-01-31 19:43:32,-0.8917,119.8707,74.46,82,97,1.79
486,Jijiga,ET,2021-01-31 19:43:32,9.35,42.8,59.41,35,0,9.6
487,Segovia,ES,2021-01-31 19:43:32,41.1667,-4.0,53.01,64,100,15.01
488,Nizwa,OM,2021-01-31 19:43:32,22.9333,57.5333,61.03,42,0,5.17
489,Deputatskiy,RU,2021-01-31 19:43:32,69.3,139.9,-33.16,86,96,1.7
490,Orocue,CO,2021-01-31 19:43:32,4.7912,-71.3354,94.84,38,96,13.0
491,Parral,MX,2021-01-31 19:43:32,26.9333,-105.6667,65.32,27,10,8.68
492,Halifax,CA,2021-01-31 19:43:22,44.6453,-63.5724,32.0,74,93,8.05
493,Dakoro,NE,2021-01-31 19:43:33,14.5106,6.765,72.52,18,0,7.09
494,High Level,CA,2021-01-31 19:43:33,58.5169,-117.136,-2.2,78,90,5.75
495,Sarakhs,IR,2021-01-31 19:43:33,36.5449,61.1577,44.6,76,0,2.3
496,Gizo,SB,2021-01-31 19:43:33,-8.103,156.8419,85.1,71,100,16.22
497,Hakkari,TR,2021-01-31 19:43:33,37.5833,44.1667,16.7,92,61,1.39
498,Bowen,AU,2021-01-31 19:43:33,-20.0167,148.2333,75.2,88,40,9.22
499,Bonavista,CA,2021-01-31 19:43:33,48.6499,-53.1147,32.0,93,100,8.05
500,Lagos,NG,2021-01-31 19:43:33,6.5833,3.75,84.2,79,20,9.22
501,Manokwari,ID,2021-01-31 19:43:33,-0.8667,134.0833,75.16,74,100,5.08
502,Raudeberg,NO,2021-01-31 19:43:33,61.9875,5.1352,30.2,93,90,4.61
503,Cubuk,TR,2021-01-31 19:43:33,40.2386,33.0322,39.0,86,27,2.3
504,Ixtapa,MX,2021-01-31 19:43:33,20.7,-105.2,75.2,64,1,8.05
505,Namatanai,PG,2021-01-31 19:43:33,-3.6667,152.4333,79.86,73,99,3.15
506,Khairabad,IN,2021-01-31 19:43:34,27.5333,80.75,49.82,49,0,3.29
507,Pasan,IN,2021-01-31 19:43:34,22.85,82.2,46.58,50,0,0.49
508,Grindavik,IS,2021-01-31 19:43:34,63.8424,-22.4338,30.2,74,0,6.91
509,Kilindoni,TZ,2021-01-31 19:43:34,-7.9139,39.6668,81.3,78,100,15.03
510,Taoudenni,ML,2021-01-31 19:43:34,22.6783,-3.9836,73.8,19,0,8.01
511,Huarmey,PE,2021-01-31 19:43:34,-10.0681,-78.1522,77.14,64,3,13.31
512,Bayanday,RU,2021-01-31 19:43:34,53.0661,105.5139,-36.67,81,16,1.9
513,Flin Flon,CA,2021-01-31 19:43:34,54.7682,-101.865,15.8,86,90,2.3
514,Touros,BR,2021-01-31 19:43:34,-5.1989,-35.4608,84.2,61,20,17.27
515,Zheleznodorozhnyy,RU,2021-01-31 19:41:07,55.7503,38.0042,26.6,80,75,13.42
516,Tsabong,BW,2021-01-31 19:43:34,-26.0217,22.401,83.32,31,0,4.43
517,Dongsheng,CN,2021-01-31 19:43:34,39.8161,109.9776,15.06,81,0,7.78
518,Kangaatsiaq,GL,2021-01-31 19:43:35,68.3065,-53.4641,3.96,94,85,8.97
519,Zhanaozen,KZ,2021-01-31 19:43:35,43.3,52.8,43.97,80,99,6.02
520,Makakilo City,US,2021-01-31 19:43:35,21.3469,-158.0858,75.2,78,75,5.75
521,Havelock,US,2021-01-31 19:43:35,34.8791,-76.9013,57.99,95,100,1.99
522,Dedovichi,RU,2021-01-31 19:43:35,57.5517,29.9502,22.51,96,98,9.64
523,Oltina,RO,2021-01-31 19:43:35,44.1667,27.6667,37.99,81,100,8.01
524,Samana,DO,2021-01-31 19:43:35,19.2056,-69.3369,82.4,78,75,9.22
525,Wabag,PG,2021-01-31 19:43:36,-5.4781,143.7021,56.93,93,100,0.78
526,Tura,IN,2021-01-31 19:43:36,25.5198,90.2201,53.15,42,0,2.1
527,Boffa,GN,2021-01-31 19:43:36,10.1667,-14.0333,75.92,71,98,5.3
528,Saquena,PE,2021-01-31 19:43:36,-4.6667,-73.5167,84.88,68,58,2.26
529,Luanda,AO,2021-01-31 19:43:34,-8.8368,13.2343,78.76,81,71,11.27
530,Kieta,PG,2021-01-31 19:43:36,-6.2167,155.6333,81.18,79,100,11.63
531,Oriximina,BR,2021-01-31 19:43:36,-1.7656,-55.8661,89.04,54,65,4.32
532,San Cristobal,VE,2021-01-31 19:43:36,7.7669,-72.225,93.2,31,20,16.11
533,Ossora,RU,2021-01-31 19:43:36,59.2353,163.0719,-4.5,88,100,21.3
534,Hualmay,PE,2021-01-31 19:43:36,-11.0964,-77.6139,77.2,61,52,14.12
535,Litovko,RU,2021-01-31 19:43:36,49.2361,135.1742,-12.6,85,100,0.85
536,Kedrovyy,RU,2021-01-31 19:43:37,56.1667,91.8167,-32.8,75,53,4.23
537,Kampene,CD,2021-01-31 19:43:37,-3.6,26.6667,70.99,92,100,0.45
538,Sao Joao Da Barra,BR,2021-01-31 19:43:37,-21.6403,-41.0511,86.0,54,0,20.71
539,Hami,CN,2021-01-31 19:43:37,42.8,93.45,25.03,79,0,7.87
540,Faya,SA,2021-01-31 19:43:37,18.3851,42.4509,60.8,47,0,6.91
541,Mincivan,AZ,2021-01-31 19:43:37,39.0294,46.7185,47.75,51,24,13.33
542,Catuday,PH,2021-01-31 19:43:37,16.2923,119.8062,71.8,77,45,7.31
543,Khilok,RU,2021-01-31 19:43:37,51.3674,110.4676,-26.99,81,100,5.95
544,High River,CA,2021-01-31 19:43:37,50.5834,-113.8687,42.8,52,100,16.11
545,Alyangula,AU,2021-01-31 19:43:38,-13.8483,136.4192,80.6,89,40,13.71
546,Ishigaki,JP,2021-01-31 19:43:38,24.3448,124.1572,68.5,71,29,16.49
547,Sambava,MG,2021-01-31 19:43:38,-14.2667,50.1667,78.62,81,2,7.25
548,Brownsville,US,2021-01-31 19:42:38,25.9018,-97.4975,77.0,44,90,16.11
549,Skagen,DK,2021-01-31 19:43:38,57.7209,10.5839,30.0,80,50,8.01
550,Jatiroto,ID,2021-01-31 19:43:38,-7.8833,111.1167,74.7,86,100,1.5
551,Wanaka,NZ,2021-01-31 19:43:38,-44.7,169.15,60.01,64,85,1.01
552,Mpika,ZM,2021-01-31 19:43:38,-11.8343,31.4529,64.45,93,100,2.84
553,Paka,MY,2021-01-31 19:43:38,4.6374,103.4368,78.8,89,100,6.91
554,Kozhva,RU,2021-01-31 19:43:38,65.1073,57.0459,16.66,96,100,11.1
555,Sazonovo,RU,2021-01-31 19:43:38,59.0919,35.2268,17.28,97,100,4.81
556,Kijang,KR,2021-01-31 19:43:38,35.2442,129.2139,51.8,93,90,14.97
557,Tarakan,ID,2021-01-31 19:43:39,3.3,117.6333,76.8,86,100,8.03
558,Pisco,PE,2021-01-31 19:43:39,-13.7,-76.2167,80.6,54,0,14.97
559,Wamba,NG,2021-01-31 19:43:39,8.9333,8.6,79.63,17,0,2.53
560,Amahai,ID,2021-01-31 19:43:39,-3.3333,128.9167,78.85,76,100,4.07
561,Nome,US,2021-01-31 19:43:39,64.5011,-165.4064,-5.8,59,1,8.05
562,Grootfontein,NA,2021-01-31 19:43:39,-19.5667,18.1167,66.2,94,100,2.3
563,Durazno,UY,2021-01-31 19:43:39,-33.4131,-56.5006,75.2,64,75,18.41
564,Iraucuba,BR,2021-01-31 19:43:39,-3.7461,-39.7833,92.16,39,13,10.31
565,Abu Dhabi,AE,2021-01-31 19:40:20,24.4667,54.3667,66.2,72,0,8.05
566,Murmashi,RU,2021-01-31 19:43:39,68.8154,32.8115,-4.0,84,75,2.24
567,Barcelos,PT,2021-01-31 19:41:00,41.5388,-8.6151,57.2,94,90,5.75
568,Mapiripan,CO,2021-01-31 19:43:39,2.8892,-72.1256,92.93,42,64,8.99
569,Panubigan,PH,2021-01-31 19:43:40,7.4281,123.3466,77.11,82,99,10.92
570,Jardim,BR,2021-01-31 19:43:40,-21.4803,-56.1381,85.14,70,100,7.47
571,Bandarbeyla,SO,2021-01-31 19:43:40,9.4942,50.8122,73.78,71,22,17.74
572,Degtyarsk,RU,2021-01-31 19:43:40,56.704,60.0879,8.6,92,8,6.71
573,Lichinga,MZ,2021-01-31 19:43:40,-13.3128,35.2406,64.38,100,100,7.23
574,Sexsmith,CA,2021-01-31 19:43:40,55.35,-118.786,3.2,85,75,3.44
575,Zaysan,KZ,2021-01-31 19:40:07,47.4667,84.8667,1.54,85,7,0.56
576,Ahipara,NZ,2021-01-31 19:43:40,-35.1667,173.1667,65.01,66,0,4.05
577,Vao,NC,2021-01-31 19:43:40,-22.6667,167.4833,76.12,75,100,23.91
578,Villazon,BO,2021-01-31 19:43:40,-22.0866,-65.5942,74.25,18,0,12.66
579,Caceres,ES,2021-01-31 19:43:40,39.522,-6.3748,55.99,91,64,8.99
580,Acari,PE,2021-01-31 19:43:40,-15.4311,-74.6158,82.92,42,0,11.32
581,Naze,JP,2021-01-31 19:39:12,28.3667,129.4833,58.59,66,7,9.71
582,Rio Branco,BR,2021-01-31 19:43:41,-9.9747,-67.81,82.4,78,40,5.75
583,Goba,ET,2021-01-31 19:43:41,7.0167,39.9833,50.58,45,0,4.59
584,Aksu,CN,2021-01-31 19:43:41,41.1231,80.2644,20.16,76,0,3.8
585,Marrakesh,MA,2021-01-31 19:43:33,31.6315,-8.0083,64.4,52,0,8.05
586,Ust-Nera,RU,2021-01-31 19:43:41,64.5667,143.2,-33.77,73,99,6.96
587,Moranbah,AU,2021-01-31 19:43:41,-22.0016,148.0466,67.96,94,46,10.45
588,Sorland,NO,2021-01-31 19:43:41,67.667,12.6934,32.0,69,20,12.66
589,Deniliquin,AU,2021-01-31 19:43:41,-35.5333,144.9667,57.99,83,66,4.68
590,Maneadero,MX,2021-01-31 19:43:41,31.7167,-116.5667,64.0,69,81,1.99
591,Saint-Joseph,RE,2021-01-31 19:43:41,-21.3667,55.6167,82.4,65,0,18.41
592,Aranos,NA,2021-01-31 19:43:41,-24.1333,19.1167,80.08,41,44,6.17
593,Waipawa,NZ,2021-01-31 19:43:42,-41.4122,175.5153,60.8,77,2,17.27
594,Broken Hill,AU,2021-01-31 19:43:42,-31.95,141.4333,73.4,28,75,3.44
595,Sola,VU,2021-01-31 19:39:13,-13.8833,167.55,78.4,84,100,10.71
